Link,UPC,Title,Price_including_tax,Price_excluding_tax,Number_available,Product_description,Category,Review_rating,Image_url
Link,UPC,Title,Price_including_tax,Price_excluding_tax,Number_available,Product_description,Category,Review_rating,Image_url
Link,UPC,Title,Price_including_tax,Price_excluding_tax,Number_available,Product_description,Category,Review_rating,Image_url
Link,UPC,Title,Price_including_tax,Price_excluding_tax,Number_available,Product_description,Category,Review_rating,Image_url
Link,UPC,Title,Price_including_tax,Price_excluding_tax,Number_available,Product_description,Category,Review_rating,Image_url
Link,UPC,Title,Price_including_tax,Price_excluding_tax,Number_available,Product_description,Category,Review_rating,Image_url
Link,UPC,Title,Price_including_tax,Price_excluding_tax,Number_available,Product_description,Category,Review_rating,Image_url
Link,UPC,Title,Price_including_tax,Price_excluding_tax,Number_available,Product_description,Category,Review_rating,Image_url
Link,UPC,Title,Price_including_tax,Price_excluding_tax,Number_available,Product_description,Category,Review_rating,Image_url
Link,UPC,Title,Price_including_tax,Price_excluding_tax,Number_available,Product_description,Category,Review_rating,Image_url
Link,UPC,Title,Price_including_tax,Price_excluding_tax,Number_available,Product_description,Category,Review_rating,Image_url
